ecod_domain_id	t_name	free_N	free_C	dist_NC	Llinker	angle_NC	M	dGjoin	position	Lhinge	dGcut	length	max_dGcut	ddGtot
e1fpzA1	(Phosphotyrosine protein) phosphatases II	0	1	45.5448875427	0	2.1285320621	5.24659848902	1.891111	87	4	-0.013763	176	-0.013763	1.877348
e1h98A1	4Fe-4S ferredoxin	0	0	13.6133375168	0	0.234058067459	0.70057249398	-4.840781	43	4	-2.120545	77	-2.120545	-6.961326
e3qbcA1	6-hydroxymethyl-7,8-dihydropterin pyrophosphokinase, HPPK	0	0	31.4913673401	0	1.22516338282	3.44988976128	-2.504737	51	6	2.812749	158	2.812749	0.308012
e1t8kA1	Acyl-carrier protein (ACP)	0	0	16.156578064	0	0.927996734899	2.68516377526	1.069586	20	4	-2.01852	77	-2.01852	-0.948934
e1hb6A1	Acyl-CoA binding protein-like	0	0	21.6848087311	0	2.05523845372	5.13642536309	-10.704705	46	6	-0.318036	86	-0.318036	-11.022741
e1xmtA1	Acyl-CoA N-acyltransferases (Nat)	0	0	29.323972702	0	0.984316586306	2.83517474111	-2.192418	30	3	-1.922769	95	-1.922769	-4.115187
e1ulrA1	Acylphosphatase-like	0	0	21.972990036	0	2.81614219789	5.92073663699	-4.888837	78	4	-1.383509	87	-1.383509	-6.272346
e1n08A1	Alanine racemase-C	0	0	35.0096092224	0	1.89388202422	4.86979404186	4.327772	118	6	0.067634	154	0.067634	4.395406
e1gs9A1	Apolipoprotein	2	0	20.5285682678	0	0.628814339546	1.85551653591	-3.957457	66	6	0.291512	144	0.291512	-3.665945
e1eyhA1	ARM repeat	2	1	30.9175453186	0	1.1362360068	3.22827983538	1.835664	102	6	1.977466	144	1.977466	3.81313
e1id0A1	ATPase domain of HSP90 chaperone/DNA topoisomerase II/histidine kinase	0	0	8.91281318665	0	1.10238626238	0	2.704132	102	6	3.649103	146	3.649103	6.353235
e1o82A1	Bacteriocin AS-48-related	0	0	3.80102586746	0	2.97977003089	0	-5.351892	49	3	-2.978113	70	-2.978113	-8.330005
e2bk0A1	Bet v1-like	0	0	43.3917350769	0	2.25057011073	5.41434279972	-8.243248	49	6	1.463055	153	1.463055	-6.780193
e2zqnA1	beta-Trefoil	0	0	11.1147737503	0	0.964509612869	2.78266801097	0.835888	66	3	-0.654247	130	-0.654247	0.181641
e2bwqA1	C2 domain	0	0	8.78003787994	0	0.932426345355	2.69704098654	-1.628775	32	6	1.182613	118	1.182613	-0.446162
e1bkrA1	Calponin-homology domain-like	0	0	26.165058136	0	2.03923825029	5.1114517393	4.639193	89	5	-0.264903	108	-0.264903	4.37429
e2o16A1	CBS-domain	0	0	19.6753063202	0	0.556403889828	0	3.799781	75	4	-1.091188	130	-1.091188	2.708593
e1tjnA1	Chelatase-like	0	1	35.9227104187	0	0.896671984289	2.60079948935	-0.563915	46	5	0.827901	125	0.827901	0.263986
e1jbeA1	CheY-like	0	0	5.41454935074	0	2.23299440084	0	2.958512	89	6	-0.721787	126	-0.721787	2.236725
e1tt8A1	Chorismate lyase	0	0	24.6985111237	0	2.69760240878	5.85276067514	-6.272118	70	4	-1.304513	164	-1.304513	-7.576631
e1p5fA1	Class I glutamine amidotransferase-like	1	0	27.3637275696	0	2.09443492274	5.19621215219	-6.213795	40	5	0.567022	186	0.567022	-5.646773
e2vo8A1	Common fold of diphtheria toxin/transcription factors/cytochrome f	1	0	40.678401947	0	2.72926484774	5.87294033405	-11.530072	119	6	-0.974266	135	-0.974266	-12.504338
e2nn8A1	Concanavalin A-like lectins/glucanases	0	0	24.4906406403	0	1.76794320298	4.63957982411	-4.26856	55	6	-0.935083	137	-0.935083	-5.203643
e3o8zA1	Conserved domain common to transcription factors TFIIS, elongin A, CRSP70	0	0	40.082118988	0	1.38822398731	3.83821890343	7.436507	44	6	0.370072	152	0.370072	7.806579
e2p3hA1	CorC/HlyC domain-like	0	0	23.8326015472	0	2.57076755836	5.75727348095	-1.227076	73	6	2.258784	98	2.258784	1.031708
e3zbdA1	Coronavirus nsp1	2	0	11.0722322464	0	0.938583847644	2.7135292418	-1.862541	58	6	-0.77148	105	-0.77148	-2.634021
e1kdjA1	Cupredoxin-related	0	0	12.9184875488	0	0.13224462875	0	-4.5844	35	4	-0.141041	102	-0.141041	-4.725441
e1pp0A1	CytB endotoxin-like (Pfam 01338)	0	0	18.0516395569	0	0.685716146121	0	-2.52252	124	6	1.159709	191	1.159709	-1.362811
e1ctjA1	Cytochrome c	1	0	18.1087589264	0	2.70183892757	5.85554588443	-6.593275	44	3	-2.26539	89	-2.26539	-8.858665
e1mqvA1	Cytochromes	1	0	25.8211612701	0	2.10064253254	5.20549820174	-3.964586	65	6	0.082618	123	0.082618	-3.881968
e1cy5A1	DEATH domain	0	0	7.62412786484	0	0.51976435263	0	0.182972	48	6	-2.237507	92	-2.237507	-2.054535
e1tuvA1	Dimeric alpha+beta barrel	0	2	7.15018224716	0	0.572496163701	1.69412980977	-2.210148	52	6	3.253103	103	3.253103	1.042955
e1rylA1	DNA mimic protein DMP12-related	0	0	4.69350910187	0	0.164084530006	0	-4.09979	117	4	-0.242754	157	-0.242754	-4.342544
e1vccA1	DNA topoisomerase I domain	0	1	16.4211769104	0	0.487073814113	0	-0.988351	66	4	-0.887323	77	-0.887323	-1.875674
e1kafA1	DNA-binding C-terminal domain of the transcription factor MotA	0	0	33.7650146484	0	1.12408717329	3.19749916057	-6.398491	85	5	-1.692878	108	-1.692878	-8.091369
e1o5uA1	Double-stranded beta-helix	0	0	16.5121898651	0	0.763632784468	2.23564005499	-6.543967	55	5	-1.170818	88	-1.170818	-7.714785
e1t4oA1	dsRNA-binding domain-like	1	0	33.1267547607	0	2.55123247076	5.74049860232	-4.029993	35	6	2.287074	81	2.287074	-1.742919
e1zzkA1	Eukaryotic type KH-domain (KH-domain type I)	2	0	30.9982509613	0	2.68274625968	5.84278638694	-7.826226	45	6	3.081954	75	3.081954	-4.744272
e1k05A1	FAT domain of focal adhesion kinase	1	1	14.0100879669	0	0.454222599512	0	6.351782	98	6	0.477535	135	0.477535	6.829317
e2ppnA1	FKBP-like	0	0	26.3917045593	0	1.27667567751	3.5751684272	-3.864961	12	6	0.559577	107	0.559577	-3.305384
e1oboA1	Flavoproteins	0	0	15.4656448364	0	0.433387310974	0	0.669108	13	6	0.086018	169	0.086018	0.755126
e1wykA1	FMN-binding split barrel	0	0	22.1429920197	0	1.03801214999	0	-3.090401	11	5	-0.144096	152	-0.144096	-3.234497
e1ew4A1	Frataxin-like	0	0	26.9006690979	0	1.632286938	0	-2.811972	28	5	1.874276	106	1.874276	-0.937696
e1nqjA1	Galactose-binding domain-like	0	0	20.0639724731	0	2.30817804781	5.4865597186	-4.999612	19	4	-0.618326	96	-0.618326	-5.617938
e1o3xA1	GAT-like domain	2	0	62.742931366	0	1.72146262898	4.54991698303	1.660673	49	6	0.637074	112	0.637074	2.297747
e1f7sA1	Gelsolin-like	1	0	32.9142227173	0	1.35626123265	3.76403006657	7.160982	75	6	0.855085	124	0.855085	8.016067
e1mk0A1	GIY-YIG endonuclease	0	0	15.5875511169	0	0.258214180489	0.772492294627	4.069773	87	4	-2.406274	97	-2.406274	1.663499
e1dlwA1	Globin-like	0	0	32.960018158	0	1.85235144933	4.79596681699	-8.152419	61	6	0.700317	116	0.700317	-7.452102
e1swxA1	Glycolipid transfer protein, GLTP	0	0	31.424495697	0	0.552177724487	1.6355683454	6.472018	113	6	1.119006	198	1.119006	7.591024
e1pbwA1	GTPase activation domain, GAP	0	0	31.5150318146	0	2.21787285737	5.37135149961	-8.942793	56	6	2.693208	184	2.693208	-6.249585
e1u55A1	H-NOX domain	0	3	38.5404014587	0	1.08588960674	3.09995725297	-7.520066	35	5	0.931788	188	0.931788	-6.588278
e1sk7A1	Heme oxygenase/Ribonucleotide reductase	1	0	38.5752449036	0	2.31688216986	5.49707675159	-11.565111	141	6	1.571661	187	1.571661	-9.99345
e1dk0A1	Heme-binding protein A (HasA)	1	0	9.54325771332	0	0.919940126202	2.6635276904	-5.561762	103	6	2.892608	173	2.892608	-2.669154
e3v5xA1	Hemerythrin	0	0	21.3481750488	0	1.85724148586	4.80476767151	-0.816005	75	6	0.649263	151	0.649263	-0.166742
e1cc8A1	HMA, heavy metal-associated domain	2	0	10.9262399673	0	0.655983157496	1.93285394741	-0.186737	41	3	-3.358315	72	-3.358315	-3.545052
e3evyA1	HSDR subunit helical domain	0	0	35.2472496033	0	1.63803347917	4.38284805175	-8.76942	63	4	-1.928412	83	-1.928412	-10.697832
e1ej2A1	HUP domains	0	0	42.9355125427	0	2.55315230668	5.74217146813	-22.567447	124	6	-0.227117	167	-0.227117	-22.794564
e1cfzA1	HybD-like	0	0	24.695980072	0	1.2247861181	3.44896370403	2.807013	71	6	0.036558	162	0.036558	2.843571
e4qrlA1	Hypothetical protein BT_0869	1	0	12.2022037506	0	1.82876318143	0	-3.307606	18	6	-0.397639	110	-0.397639	-3.705245
e1wubA1	Hypothetical protein TT1927B	0	0	8.39440917969	0	0.498428072975	0	8.288957	153	5	1.997956	176	1.997956	10.286913
e1tifA1	IF3-N	0	0	20.3137512207	0	0.439998984727	0	4.902279	51	5	-1.701052	76	-1.701052	3.201227
e2igdA1	Immunoglobulin-binding domains	2	0	34.3349266052	0	2.39297074437	5.58455867637	-9.782052	16	3	-1.945369	61	-1.945369	-11.727421
e2nqcA1	Immunoglobulin/Fibronectin type III/E set domains/PapD-like	1	0	40.5504684448	0	0.573341364728	1.6965620878	2.441058	35	4	0.320544	97	0.320544	2.761602
e1q5zA1	Invasion protein A (SipA) , C-terminal actin binding domain	0	0	32.567150116	0	1.74805856767	4.60152548818	2.685222	68	6	-1.031407	145	-1.031407	1.653815
e2bo1A1	L30e-like	0	2	12.2954416275	0	0.675332616229	0	-0.442929	78	5	-0.766451	100	-0.766451	-1.20938
e2hbaA1	L9 N-domain-like	0	0	26.0205135345	0	2.7288868977	5.87270812263	-5.204439	16	3	-3.57606	52	-3.57606	-8.780499
e1tw4A1	Lipocalins	0	0	15.2042598724	0	1.87334614919	4.83354872438	-8.177916	56	4	-1.816756	125	-1.816756	-9.994672
e3k3tA1	Lysozyme-like	0	3	14.7191057205	0	2.09803039853	5.20159678027	-5.709403	46	6	1.333412	152	1.333412	-4.375991
e1s3lA1	Metallo-dependent phosphatases	0	0	21.9483890533	0	2.29573566641	5.47134541673	-9.907235	77	3	-2.515631	165	-2.515631	-12.422866
e1chdA1	Methylesterase CheB, C-terminal domain	0	1	5.6113319397	0	1.18435081159	0	8.305542	100	4	-0.254375	198	-0.254375	8.051167
e2yvqA1	Methylglyoxal synthase-like	0	0	28.382484436	0	2.16804442651	5.30307870439	6.807729	13	5	2.181961	131	2.181961	8.98969
e1jhsA1	Mog1p/PsbP-like	0	0	34.6459770203	0	2.24074562603	5.40157684624	-7.106038	121	6	2.629837	188	2.629837	-4.476201
e2bf5A1	Monooxygenase (hydroxylase) regulatory protein	0	0	12.2059764862	0	1.30462542834	0	5.389431	27	4	0.089079	92	0.089079	5.47851
e3adyA1	N0 domain in phage tail proteins and secretins	1	1	16.2291812897	0	0.775616206706	2.26896119033	5.634769	49	6	3.264578	96	3.264578	8.899347
e1iukA1	NAD(P)-binding Rossmann-fold domains	0	0	17.6409473419	0	2.3503054731	5.53649228656	-4.225518	26	3	-0.937217	136	-0.937217	-5.162735
e1tp6A1	NTF2-like	0	0	29.57929039	0	1.74736102202	4.60018227612	-4.435494	113	5	0.27727	126	0.27727	-4.158224
e1nnxA1	Nucleic acid-binding proteins	3	0	26.786359787	0	2.44735507275	5.64214063735	8.136681	62	4	-0.14519	93	-0.14519	7.991491
e2fvvA1	Nudix	0	0	31.4034233093	0	1.80723315592	4.71341929697	9.358523	37	6	-0.667701	135	-0.667701	8.690822
e1tzvA1	NusB-like	1	0	27.022819519	0	1.20210006694	3.39305275186	8.739007	38	3	-1.568194	141	-1.568194	7.170813
e1qjpA1	OMPA-like	0	0	10.7207098007	0	2.30862899931	0	2.042707	92	6	1.867169	137	1.867169	3.909876
e1m55A1	Origin of replication-binding domains	0	0	15.1144094467	0	1.23847758245	0	3.488303	140	6	3.007713	193	3.007713	6.496016
e1htwA1	P-loop containing nucleoside triphosphate hydrolases	0	1	15.4763641357	0	2.18822529843	5.33112870616	-6.187693	68	6	1.71082	158	1.71082	-4.476873
e2b8iA1	PAS factor	0	0	9.40106582642	0	0.520695046755	0	-0.697039	61	4	-2.777317	77	-2.777317	-3.474356
e1r6jA1	PDZ domain	0	0	16.0929698944	0	1.05677946986	3.02486002983	5.754278	16	5	0.218933	82	0.218933	5.973211
e1a44A1	PEBP-like	1	0	36.0042381287	0	1.4493794095	3.97741892957	-11.124	142	6	1.578209	185	1.578209	-9.545791
e1rl4A1	Peptide deformylase	0	0	16.074716568	0	0.842744494443	2.45407831505	-1.58809	106	4	-2.116734	154	-2.116734	-3.704824
e2pthA1	Peptidyl-tRNA hydrolase-like	0	0	28.0216636658	0	1.73063585457	4.56780867332	-4.589759	111	6	1.655781	193	1.655781	-2.933978
e2i5fA1	PH domain-like	0	0	16.946603775	0	0.394798618104	1.17671886919	-2.359582	16	6	3.064227	96	3.064227	0.704645
e1iibA1	Phosphotyrosine protein phosphatases I-like	0	0	18.1347026825	0	1.39532967942	3.85457941985	2.965425	72	3	-1.545327	103	-1.545327	1.420098
e1jyhA1	Probable bacterial effector-binding domain	0	0	20.1050395966	0	1.68443496572	4.47672825207	-3.576442	141	6	0.166407	155	0.166407	-3.410035
e1j7jA1	PRTase-like	0	0	5.2091255188	0	0.580635422342	0	0.464619	69	5	0.04915	163	0.04915	0.513769
e2ccqA1	PUB domain	0	0	9.34897422791	0	0.731359049241	0	2.671146	83	5	-0.900441	99	-0.900441	1.770705
e1rh6A1	Putative DNA-binding domain	0	3	25.4052143097	0	2.15786401122	5.28872356768	-1.408925	15	4	-0.165753	55	-0.165753	-1.574678
e1iapA1	Regulator of G-protein signaling, RGS	0	0	26.3084335327	0	1.56732505566	4.2352706224	-2.544383	141	6	-1.141391	190	-1.141391	-3.685774
e1dvoA1	Repressor of bacterial conjugation FinO	0	0	38.257068634	0	1.43439448143	0	5.993064	59	4	-2.225844	152	-2.225844	3.76722
e1ymkA1	Rhodanese/Cell cycle control phosphatase	0	0	32.8985290527	0	0.719930622592	2.11345060809	6.804964	20	6	-0.592289	170	-0.592289	6.212675
e3cjsB1	Ribosomal protein L11/L12e N-terminal domain	1	0	23.3002910614	0	2.13549448594	5.2567000566	-3.4948	17	4	-3.067776	70	-3.067776	-6.562576
e1iq4A1	Ribosomal protein L5	0	0	31.0202636719	0	2.51123600294	5.70444669404	-12.216735	77	6	5.67	179	5.67	-6.546735
e1louA1	Ribosomal protein S6	0	0	16.2778205872	0	1.72636437583	4.55948940566	4.416715	53	6	-0.899919	97	-0.899919	3.516796
e1rssA1	Ribosomal protein S7	0	1	40.9573860168	0	1.08868260812	3.10712825522	5.888913	72	6	1.211483	140	1.211483	7.100396
e1dd5A1	Ribosome recycling factor, RRF	1	0	44.7369117737	0	2.68400877775	5.84364657269	-13.025679	31	5	-0.888109	184	-0.888109	-13.913788
e2f3nA1	SAM domain-like	0	0	7.7749710083	0	1.33826319192	0	-2.359098	33	3	-4.703898	64	-4.703898	-7.062996
e1n9lA1	sensor domains	3	0	12.6391983032	0	0.434496977482	0	-1.780574	95	6	0.703298	109	0.703298	-1.077276
e5cxlA1	Serralysin-like metalloprotease-C	1	0	43.539894104	0	1.77377144461	4.65064691136	-5.816862	13	6	3.065793	148	3.065793	-2.751069
e1ucsA1	SET domain-like	0	0	21.2215118408	0	0.991137887377	2.85319336203	-1.043647	30	4	-1.793762	64	-1.793762	-2.837409
e1jrlA1	SGNH hydrolase	1	1	9.07888221741	0	0.548431603814	0	-2.642711	154	4	-0.710354	178	-0.710354	-3.353065
e1qadA1	SH2	1	0	12.0360574722	0	1.66203031184	4.43169656928	-3.03892	69	5	-0.759149	104	-0.759149	-3.798069
e1jo8A1	SH3	0	0	11.0364227295	0	1.2394836092	3.48495000898	-3.176071	14	6	-0.035193	58	-0.035193	-3.211264
e2fi0A1	SP0561-like	1	0	20.3051776886	0	1.96752144021	4.9955177915	3.913513	57	4	-4.061229	79	-4.061229	-0.147716
e1ow1A1	SPOC domain	2	0	32.4041595459	0	1.363614449	3.7811834693	4.125892	124	6	2.714484	167	2.714484	6.840376
e1snoA1	Staphylococcal nuclease	1	0	34.481803894	0	1.39594613696	3.85599649317	-6.630887	81	6	0.348911	136	0.348911	-6.281976
e4fz4A1	Surface antigen HP0197 N-terminal domain	1	1	56.8907165527	0	2.34925249497	5.53527405921	-2.972428	33	5	-0.384477	154	-0.384477	-3.356905
e1lvfA1	t-snare proteins	0	0	41.894115448	0	2.27326319864	5.44333031061	-8.940725	36	6	-0.755011	106	-0.755011	-9.695736
e1dptA1	Tautomerase/MIF	0	0	16.0953063965	0	0.745213856661	0	-1.160108	53	5	-0.252899	117	-0.252899	-1.413007
e2fy6A1	Thioredoxin-like	0	0	22.9763183594	0	1.58299658804	4.26844225152	-4.59921	117	5	0.400943	143	0.400943	-4.198267
e1jb3A1	TIMP-like	0	0	23.637178421	0	1.33390047889	3.71155580663	6.246101	27	6	-0.352122	127	-0.352122	5.893979
e1tigA1	Translation initiation factor IF3, C-terminal domain	0	0	9.40133666992	0	0.622408175855	0	6.71189	45	6	1.130226	88	1.130226	7.842116
e1gvdA1	tri-helical	0	1	27.2542629242	0	2.1886929646	5.33177230535	4.58335	24	3	-5.386093	52	-5.386093	-0.802743
e1z21A1	Type III secretion system domains	0	0	31.8105449677	0	1.82402860366	4.74443043822	-2.18999	44	6	1.990517	96	1.990517	-0.199473
e2awfA1	UBC-like	0	0	33.9726295471	0	1.77473299003	4.65246897062	-15.049035	94	6	1.031866	116	1.031866	-14.017169
e2fazA1	Ubiquitin-like	0	0	31.4320278168	0	2.08792901728	5.18642615539	-15.517337	12	5	-0.792184	76	-0.792184	-16.309521
e1mugA1	Uracil-DNA glycosylase-like	1	0	29.9020786285	0	2.1916220795	5.33579670196	-0.660764	121	4	0.350165	165	0.350165	-0.310599
e2fzpA1	USP8 interacting domain	0	0	29.3786640167	0	1.6138750335	0	1.113912	91	3	-2.933059	125	-2.933059	-1.819147
e1pt6A1	vWA-like	0	0	11.746963501	0	0.947161453186	0	-3.391789	76	6	0.398183	192	0.398183	-2.993606
e2ve8A1	winged	0	3	23.9647598267	0	2.39240163137	5.58393419374	1.76177	55	6	1.4918	67	1.4918	3.25357
e1jo0A1	YhbY-like	0	0	14.7699766159	0	2.09171003518	0	5.406954	27	4	0.241478	97	0.241478	5.648432
e1k46A1	YopH tyrosine phosphatase N-terminal domain	0	0	23.6768436432	0	0.809646829776	0	-1.534468	28	6	3.852863	124	3.852863	2.318395
e1ng6A1	YqeY domain	0	0	43.3550987244	0	1.08427715337	3.09581454204	-15.297266	43	4	-1.710077	148	-1.710077	-17.007343
e1u84A1	YugE-like	0	0	11.9215650558	0	0.420960988946	1.25357888528	2.874381	60	3	-2.279151	81	-2.279151	0.59523
